{"train_loss": 0, "vloss": 0.07242556240558624, "accuracy": 0.101, "_timestamp": 1709754462.4991612, "_runtime": 94.1497073173523, "_step": 4, "_wandb": {"runtime": 92}}