{"train_loss": 0.033598211699605744, "vloss": 0.00028146217379035077, "accuracy": 0.9885, "_timestamp": 1709755588.3801193, "_runtime": 98.05613541603088, "_step": 4, "_wandb": {"runtime": 92}}