{"train_loss": 2.422046122868856, "vloss": 0.3006438307523727, "accuracy": 0.1109, "_timestamp": 1709877639.3935332, "_runtime": 689.2483513355255, "_step": 4, "_wandb": {"runtime": 686}}