{"train_loss": 1.0301877310418133, "vloss": 0.018200163459777832, "accuracy": 0.1135, "_timestamp": 1709755480.9151714, "_runtime": 39.50986933708191, "_step": 1, "_wandb": {"runtime": 38}}