{"train_loss": 23.21600806593895, "vloss": 2.32569215811491, "accuracy": 0.1028, "_timestamp": 1709900212.9199944, "_runtime": 182.2806704044342, "_step": 0, "_wandb": {"runtime": 173}}