{"train_loss": 0.38530146169720864, "vloss": 0.004267055402634696, "accuracy": 0.989, "_timestamp": 1709777921.7831388, "_runtime": 201.21142172813416, "_step": 4, "_wandb": {"runtime": 199}}