{"train_loss": 2.3205737787882486, "vloss": 0.28810967025756834, "accuracy": 0.1009, "_timestamp": 1710858980.4186835, "_runtime": 238.0990595817566, "_step": 0, "_wandb": {"runtime": 35}}