{"train_loss": 2.3123336995442707, "vloss": 0.2890615390062332, "accuracy": 0.1032, "_timestamp": 1709879318.6485472, "_runtime": 559.7081081867218, "_step": 4, "_wandb": {"runtime": 544}}