{"train_loss": 23.318084907531738, "vloss": 0.07273831684589387, "accuracy": 0.0958, "_timestamp": 1709777709.0404496, "_runtime": 229.93968868255615, "_step": 4, "_wandb": {"runtime": 223}}