{"train_loss": 0.42460098454226325, "vloss": 0.006074306893482572, "accuracy": 0.9502, "_timestamp": 1709755630.3866093, "_runtime": 23.542307376861572, "_step": 0, "_wandb": {"runtime": 22}}