{"train_loss": 0.7737156943993029, "vloss": 0.010331586618186544, "accuracy": 0.9817, "_timestamp": 1709777369.3197644, "_runtime": 202.3013973236084, "_step": 4, "_wandb": {"runtime": 200}}