{"train_loss": 1.0552960554417223, "vloss": 0.01274537402120186, "accuracy": 0.9691, "_timestamp": 1709780413.0306892, "_runtime": 46.685105323791504, "_step": 0, "_wandb": {"runtime": 304}}