{"train_loss": 0, "vloss": 0.006343658934028645, "accuracy": 0.9494, "_timestamp": 1709754513.7467656, "_runtime": 39.8795804977417, "_step": 1, "_wandb": {"runtime": 38}}