{"train_loss": 0.12256830568903926, "vloss": 0.002051530849467963, "accuracy": 0.9602, "_timestamp": 1709900922.5888422, "_runtime": 114.64947509765625, "_step": 4, "_wandb": {"runtime": 100}}