{"train_loss": 0.07138126234048361, "vloss": 0.009165250037251462, "accuracy": 0.9756, "_timestamp": 1709755430.0730224, "_runtime": 41.40279841423035, "_step": 1, "_wandb": {"runtime": 40}}