{"train_loss": 0, "_timestamp": 1709752497.8521829, "_runtime": 744.2412118911743, "_step": 1877, "vloss": 0.0005809892863988353, "accuracy": 0.9873, "_wandb": {"runtime": 78}}