{"train_loss": 0.00901594664901495, "_timestamp": 1709751262.452666, "_runtime": 43.98408007621765, "_step": 1875, "_wandb": {"runtime": 44}}