{"train_loss": 0.03076710914242278, "vloss": 0.0010693193128947314, "accuracy": 0.9879, "_timestamp": 1709755262.8852203, "_runtime": 91.0363392829895, "_step": 4, "_wandb": {"runtime": 89}}