{"train_loss": 0.6841008702052204, "vloss": 0.0004645774460863322, "accuracy": 0.9808, "_timestamp": 1709777460.2672033, "_runtime": 81.38958740234375, "_step": 1, "_wandb": {"runtime": 80}}