{"train_loss": 0, "vloss": 0.0007551889428708819, "accuracy": 0.9838, "_timestamp": 1709754355.1791117, "_runtime": 41.28058862686157, "_step": 1, "_wandb": {"runtime": 40}}