{"train_loss": 0, "vloss": 0.07227864274978638, "accuracy": 0.1135, "_timestamp": 1709754657.7978168, "_runtime": 97.25182271003723, "_step": 4, "_wandb": {"runtime": 93}}