{"train_loss": 0.4812590753148106, "vloss": 0.005482541751986355, "accuracy": 0.9858, "_timestamp": 1709834233.9345865, "_runtime": 728.106395483017, "_step": 4, "_wandb": {"runtime": 182}}