{"train_loss": 0.031925202032253554, "vloss": 0.00023889922742382624, "accuracy": 0.9902, "_timestamp": 1709755376.4390295, "_runtime": 92.2461314201355, "_step": 4, "_wandb": {"runtime": 90}}