{"train_loss": 0, "vloss": 0.001114728509739507, "accuracy": 0.9674, "_timestamp": 1709754546.259147, "_runtime": 22.941309928894043, "_step": 0, "_wandb": {"runtime": 21}}