{"train_loss": 2.3214695976575217, "vloss": 0.2884448721885681, "accuracy": 0.1017, "_timestamp": 1710859085.663946, "_runtime": 41.248756885528564, "_step": 0, "_wandb": {"runtime": 36}}