{"train_loss": 0.018336129262315808, "vloss": 0.0005751876987380456, "accuracy": 0.9906, "_timestamp": 1709753270.1753247, "_runtime": 184.9325566291809, "_step": 9, "_wandb": {"runtime": 183}}