{"train_loss": 2.326367486635844, "vloss": 0.2880787388086319, "accuracy": 0.101, "_timestamp": 1710857711.6195233, "_runtime": 717.309404373169, "_step": 3, "_wandb": {"runtime": 474}}