{"train_loss": 23.040244839191438, "vloss": 0.2876365729093552, "accuracy": 0.1135, "_timestamp": 1709884711.1288197, "_runtime": 5368.263514757156, "_step": 4, "_wandb": {"runtime": 5353}}