{"train_loss": 0, "vloss": 0.01823037543296814, "accuracy": 0.1135, "_timestamp": 1709754712.225828, "_runtime": 40.76273798942566, "_step": 1, "_wandb": {"runtime": 38}}