{"train_loss": 0, "vloss": 0.0008326725668361178, "accuracy": 0.9819, "_timestamp": 1709752754.7609205, "_runtime": 43.201072454452515, "_step": 1, "_wandb": {"runtime": 41}}