{"train_loss": 2.917860223295287, "vloss": 0.00445732772985939, "accuracy": 0.9338, "_timestamp": 1709777155.8575368, "_runtime": 96.13453388214111, "_step": 1, "_wandb": {"runtime": 94}}