{"train_loss": 0.7688354334256431, "vloss": 0.010729170000831527, "accuracy": 0.9772, "_timestamp": 1709777046.246537, "_runtime": 97.74501299858093, "_step": 1, "_wandb": {"runtime": 96}}