{"train_loss": 22.892203794717787, "vloss": 0.28633981591463087, "accuracy": 0.1133, "_timestamp": 1709878264.1556377, "_runtime": 573.6514146327972, "_step": 0, "_wandb": {"runtime": 1006}}