{"train_loss": 0.34182175423236605, "vloss": 0.005484303507581353, "accuracy": 0.8973, "_timestamp": 1709900737.936035, "_runtime": 263.1798369884491, "_step": 4, "_wandb": {"runtime": 248}}