{"train_loss": 0.07297294586896896, "_timestamp": 1709750867.9980307, "_runtime": 180.6139407157898, "_step": 1875, "_wandb": {"runtime": 47}}