{"train_loss": 2.3249303569793702, "vloss": 0.28879562566280365, "accuracy": 0.0958, "_timestamp": 1710858634.6758032, "_runtime": 398.6922631263733, "_step": 0, "_wandb": {"runtime": 35}}